{"0x916ea2a9f3ba1ddd006c52babd0216e2ac54ed32": {"BTC": -840.40404, "ETH": -18488.8889, "SOL": -116363.64, "XRP": -4977778.0}, "0x4a207d289fd49e60502451099771127bcf35b961": {"ETH": -17567.1601, "SOL": -261539.78}, "0x25fcb75a422f1eeef23c272f8712d6df16c49c38": {"ETH": -44.4193, "SOL": -912.04, "BTC": -2.51666, "XRP": -33266.0, "ENA": -83958.0}, "0x349bd094209d50280dfaca12779576c748395c15": {"BTC": -4.391, "ETH": -3.7, "SOL": -728.2, "BNB": -14.9, "DOGE": -45001.0, "SUI": -70000.0, "kPEPE": -11000062.0, "XRP": -4000.0, "MKR": -5.001, "TAO": -1.0, "PURR": -90252.0, "HYPE": -471.13, "FARTCOIN": -36510.0, "SPX": -197999.5, "PUMP": -30000000.0}, "0xcc64e48df8560565f0f87bec36b87b6a6f171ebf": {}, "0x9fde8e59c61c290c435c2d953e70a3873e06a572": {"BTC": 0.01, "ETH": 0.01}, "0xd8efd7ef9839461c8feb551dd8a80b7e0a26e093": {"ETH": -3000.0}, "0xb9644434966e81daeda362f73f47f0beda274c1b": {}, "0x97499c5e247ea28369134c4f22657dee6f914109": {"ETH": 700.0, "SOL": 500.0, "LTC": 3300.0, "LDO": 200000.0, "LINK": 50000.0, "ZRO": 50000.0, "PENDLE": 40000.0, "SEI": 100000.0, "ARB": 400000.0}, "0x7fe8cfe481ec2f702692a9152e3f002f3e417ac6": {"BTC": 300.57387, "ETH": 4670.2042, "AAVE": -10000.0, "ENA": -850000.0}, "0xf97ad6704baec104d00b88e0c157e2b7b3a1ddd1": {"HYPE": 18000.0, "BTC": 1.0}, "0xa18fceae325010aa6ffb6c917fc49394465a5b8b": {"ADA": 103000.0, "HYPE": 2090.0}, "0xfeb3821ebccf27f7d024f4b0ae8dd6e8c685e248": {"ETH": 350.0, "HYPE": 4140.66}, "0xb39df6c5f0ef3a6e97f9ea5585f756f210fb0b99": {"ENA": 310014.0, "HYPE": 24239.67, "BTC": 4.08167, "ETH": 129.6984, "SOL": 1363.65, "XPL": 370581.0, "PUMP": 34579675.0}}